title,address,price,beds,baths,sqft,url,type
Ground floor two bedroom apartment with private patio,"Cecil Grove, Primrose Hill, NW8","£1,475,000",2bed,2bath,893 sqft,https://www.beauchampestates.com/london/luxury-properties-for-sale-in-london/ground-floor-two-bedroom-apartment-with-private-patio-lob700981,sale
Charming light maisonette on a Belgravia mews with investment appeal.,"Bowland Yard, Belgravia, SW1X","£1,950,000",3bed,2bath,"1,379 sqft",https://www.beauchampestates.com/london/luxury-properties-for-sale-in-london/charming-light-maisonette-on-a-belgravia-mews-with-investment-appeal-lob754022,sale
A bright and modern one bedroom fifth-floor apartment.,"Abbey Road, St John's Wood, NW8","£775,000",1bed,1bath,667 sqft,https://www.beauchampestates.com/london/luxury-properties-for-sale-in-london/a-bright-and-modern-one-bedroom-fifth-floor-apartment-lob753689,sale
"Exceptional penthouse with terrace, lift, parking and Hyde Park views.","Lancaster Terrace, Bayswater, W2","£3,500,000",5bed,3bath,"2,439 sqft",https://www.beauchampestates.com/london/luxury-properties-for-sale-in-london/exceptional-penthouse-with-terrace-lift-parking-hyde-park-views-lob753849,sale
Grade II listed Knightsbridge townhouse overlooking Ovington Square.,"Ovington Square, Knightsbridge, SW3","£8,250,000",5bed,4bath,"4,400 sqft",https://www.beauchampestates.com/london/luxury-properties-for-sale-in-london/grade-ii-listed-knightsbridge-townhouse-overlooking-ovington-square-lob763169,sale
First-floor Mayfair apartment within classic red-brick corner building.,"South Audley Street, Mayfair, W1K","£5,500,000",2bed,2bath,"1,321 sqft",https://www.beauchampestates.com/london/luxury-properties-for-sale-in-london/first-floor-mayfair-apartment-within-classic-red-brick-corner-building-lob744835,sale
"A charming, beautifully refurbished freehold Belgravia townhouse.","Little Chester Street, Belgravia, SW1X","£2,950,000",3bed,2bath,"1,401 sqft",https://www.beauchampestates.com/london/luxury-properties-for-sale-in-london/a-charming-and-beautifully-refurbished-freehold-belgravia-townhouse-lob745050,sale
An exceptional four bedroom townhouse in Belgravia.,"Little Chester Street, Belgravia, SW1X","£7,500,000",4bed,3bath,"2,800 sqft",https://www.beauchampestates.com/london/luxury-properties-for-sale-in-london/an-exceptional-four-bedroom-townhouse-in-belgravia-lob570717,sale
Charming mews house on cobbled Paddington cul-de-sac.,"Junction Mews, Paddington, W2","£1,950,000",2bed,1bath,"1,040 sqft",https://www.beauchampestates.com/london/luxury-properties-for-sale-in-london/charming-mews-house-on-cobbled-paddington-cul-de-sac-lob736725,sale
One bedroom apartment with balcony in St John’s Wood.,"One St John's Wood, St John's Wood, NW8","£1,250,000",1bed,1bath,430 sqft,https://www.beauchampestates.com/london/luxury-properties-for-sale-in-london/one-bedroom-apartment-with-balcony-in-st-johns-wood-lob727167,sale
Quietly positioned apartment with generous internal layout.,"Park Modern, Bayswater, W2","£3,800,000",2bed,2bath,"1,404 sqft",https://www.beauchampestates.com/london/luxury-properties-for-sale-in-london/quietly-positioned-apartment-with-generous-internal-layout-lob703488,sale
Light filled two bedroom apartment with multiple private balconies.,"Park Modern, Bayswater, W2","£4,750,000",2bed,2bath,"1,077 sqft",https://www.beauchampestates.com/london/luxury-properties-for-sale-in-london/light-filled-two-bedroom-apartment-with-multiple-private-balconies-lob703618,sale
Light filled corner apartment with sweeping private terraces.,"Park Modern, Bayswater, W2","£10,500,000",3 bed,3 bath,"2,351 sqft",https://www.beauchampestates.com/london/luxury-properties-for-sale-in-london/light-filled-corner-apartment-with-sweeping-private-terraces-lob703621,sale
Newly built sub-penthouse overlooking Hyde Park.,"Park Modern, Bayswater, W2","£42,000,000",5 bed,5 bath,"5,581 sqft",https://www.beauchampestates.com/london/luxury-properties-for-sale-in-london/newly-built-sub-penthouse-overlooking-hyde-park-lob703622,sale
Refurbished detached family house on private Holland Park street.,"Somerset Square, Holland Park, W14","£12,950,000",5 bed,5 bath,"6,357 sqft",https://www.beauchampestates.com/london/luxury-properties-for-sale-in-london/refurbished-detached-family-house-on-private-holland-park-street-lob725636,sale
An elegant red-brick townhouse in prime Kensington location.,"Kensington Court, Kensington, W8","£16,750,000",6 bed,7 bath,"6,325 sqft",https://www.beauchampestates.com/london/luxury-properties-for-sale-in-london/an-elegant-red-brick-townhouse-in-prime-kensington-location-lob635195,sale
Grade II listed building near Marylebone High Street.,"New Cavendish Street, Marylebone, W1G","£5,450,000",8 bed,6 bath,"4,294 sqft",https://www.beauchampestates.com/london/luxury-properties-for-sale-in-london/grade-ii-listed-building-near-marylebone-high-street-lob706500,sale
"Spacious, upper floor lateral apartment overlooking Regent’s Park.","Abbey Lodge, St John's Wood, NW8","£5,500,000",6 bed,5 bath,"2,655 sqft",https://www.beauchampestates.com/london/luxury-properties-for-sale-in-london/spacious-upper-floor-lateral-apartment-overlooking-regents-park-lob726437,sale
Detached gated residence with Japanese pavilion and garden.,"Bracknell Gardens, Hampstead, NW3","£11,250,000",8 bed,6 bath,"7,549 sqft",https://www.beauchampestates.com/london/luxury-properties-for-sale-in-london/detached-gated-residence-with-japanese-pavilion-and-garden-lob655557,sale
Two bedroom apartment with terrace and underground parking.,"Cecil Grove, St John's Wood, NW8","£1,250,000",2 bed,1 bath,736 sqft,https://www.beauchampestates.com/london/luxury-properties-for-sale-in-london/two-bedroom-apartment-with-terrace-and-underground-parking-lob701005,sale
One bedroom apartment with private balcony.,"Cecil Grove, St John's Wood, NW8","£800,000",1 bed,1 bath,583 sqft,https://www.beauchampestates.com/london/luxury-properties-for-sale-in-london/one-bedroom-apartment-with-private-balcony-lob700989,sale
Three bedroom apartment with private balcony and parking.,"Cecil Grove, St John's Wood, NW8","£1,750,000",3 bed,2 bath,"1,049 sqft",https://www.beauchampestates.com/london/luxury-properties-for-sale-in-london/three-bedroom-apartment-with-private-balcony-and-parking-lob700986,sale
Newly refurbished fifth-floor apartment in landmark Harley House.,"Harley House, Marylebone, NW1","£5,500,000",3 bed,3 bath,"2,430 sqft",https://www.beauchampestates.com/london/luxury-properties-for-sale-in-london/newly-refurbished-fifth-floor-apartment-in-landmark-harley-house-lob705601,sale
A stylishly presented four bedroom apartment.,"Lancaster Gate, Bayswater, W2","£5,950,000",4 bed,4 bath,"3,327 sqft",https://www.beauchampestates.com/london/luxury-properties-for-sale-in-london/a-stylishly-presented-four-bedroom-apartment-lob702754,sale
A newly refurbished lateral apartment with views of Hyde Park.,"Wellington Court, Knightsbridge, SW1X","£7,750,000",4 bed,2 bath,"2,150 sqft",https://www.beauchampestates.com/london/luxury-properties-for-sale-in-london/a-newly-refurbished-lateral-apartment-with-views-of-hyde-park-lob701853,sale
An impeccable home in a prestigious Knightsbridge building.,"Princes Gate, Knightsbridge, SW7","£27,000,000",4 bed,5 bath,"4,379 sqft",https://www.beauchampestates.com/london/luxury-properties-for-sale-in-london/an-impeccable-residence-in-one-of-londons-most-prestigious-buildings-lob635063,sale
Elegant triplex maisonette on North Row.,"North Row, Mayfair, W1K","£2,350,000",2 bed,2 bath,"1,250 sqft",https://www.beauchampestates.com/london/luxury-properties-for-sale-in-london/elegant-triplex-maisonette-on-north-row-lob634277,sale
"Exceptional townhouse with a cinema, lift and a private roof terrace.","Half Moon Street, Mayfair, W1J","£14,000,000",5 bed,5 bath,"5,019 sqft",https://www.beauchampestates.com/london/luxury-properties-for-sale-in-london/exceptional-townhouse-with-a-cinema-lift-and-a-private-roof-terrace-lob605693,sale
One bedroom apartment within a prestigious new development.,"Cleveland Street, Fitzrovia, W1T","£1,550,000",1 bed,1 bath,711 sqft,https://www.beauchampestates.com/london/luxury-properties-for-sale-in-london/one-bedroom-apartment-within-a-prestigious-new-development-lob701370,sale
Three bedroom duplex in super prime One Hyde Park Knightsbridge.,"Knightsbridge, Knightsbridge, SW1X","£20,500,000",3 bed,3 bath,"3,478 sqft",https://www.beauchampestates.com/london/luxury-properties-for-sale-in-london/three-bedroom-duplex-in-super-prime-one-hyde-park-knightsbridge-lob685954,sale
Lateral apartment in a distinguished period building.,"North Audley Street, Mayfair, W1K","£8,950,000",3 bed,3 bath,"2,563 sqft",https://www.beauchampestates.com/london/luxury-properties-for-sale-in-london/lateral-apartment-in-a-distinguished-period-building-lob685056,sale
A one bedroom flat in the 36-37 Hertford Street development.,"Hertford Street, Mayfair, W1J","£2,050,000",1 bed,1 bath,518 sqft,https://www.beauchampestates.com/london/luxury-properties-for-sale-in-london/a-one-bedroom-flat-in-the-36-37-hertford-street-development-lob460581,sale
Elegant apartment overlooking Vincent Square.,"Vincent Square, Westminster, SW1P","£1,700,000",3 bed,2 bath,"1,191 sqft",https://www.beauchampestates.com/london/luxury-properties-for-sale-in-london/elegant-apartment-overlooking-vincent-square-lob664448,sale
One bedroom apartment with balcony and park views.,"Prince Albert Road, St John's Wood, NW8","£650,000",1 bed,1 bath,550 sqft,https://www.beauchampestates.com/london/luxury-properties-for-sale-in-london/one-bedroom-apartment-with-balcony-and-park-views-lob655122,sale
One bedroom apartment in Marylebone with multiple balconies.,"Devonshire Place, Marylebone, W1G","£2,250,000",1 bed,1 bath,"1,014 sqft",https://www.beauchampestates.com/london/luxury-properties-for-sale-in-london/one-bedroom-apartment-in-marylebone-with-multiple-balconies-lob655445,sale
A substantial family apartment with views overlooking Regents Park.,"Park Road, St John's Wood, NW8","£7,500,000",6 bed,6 bath,"3,690 sqft",https://www.beauchampestates.com/london/luxury-properties-for-sale-in-london/a-substantial-family-apartment-with-views-overlooking-regents-park-lob503125,sale
An exceptional freehold with granted planning permission.,"Homer Street, Marylebone, W1H","£1,999,950",3 bed,2 bath,"2,442 sqft",https://www.beauchampestates.com/london/luxury-properties-for-sale-in-london/an-exceptional-freehold-with-granted-planning-permission-lob604914,sale
One bedroom apartment within the Islington Square development.,"Esther Anne Place, Islington, N1","£775,000",1 bed,1 bath,575 sqft,https://www.beauchampestates.com/london/luxury-properties-for-sale-in-london/one-bedroom-apartment-within-the-islington-square-development-lob634888,sale
Third floor apartment located in a boutique development in Mayfair.,"Charles Street, Mayfair, W1J","£3,000,000",1 bed,1 bath,638 sqft,https://www.beauchampestates.com/london/luxury-properties-for-sale-in-london/third-floor-apartment-located-in-a-boutique-development-in-mayfair-lob366661,sale
Triplex penthouse with roof terrace at Battersea Power Station.,"Circus Road West, Battersea, SW11","£2,875,000",2 bed,2 bath,"1,342 sqft",https://www.beauchampestates.com/london/luxury-properties-for-sale-in-london/triplex-penthouse-with-roof-terrace-at-battersea-power-station-lob634986,sale
Duplex apartment on Wilton Crescent with private patio.,"Wilton Crescent, Belgravia, SW1X","£6,200,000",3 bed,3 bath,"2,545 sqft",https://www.beauchampestates.com/london/luxury-properties-for-sale-in-london/duplex-apartment-on-wilton-crescent-with-private-patio-lob630834,sale
A beautifully presented end of terrace house in Holland Park.,"Ladbroke Terrace, Notting Hill, W11","£22,500,000",6 bed,6 bath,"7,945 sqft",https://www.beauchampestates.com/london/luxury-properties-for-sale-in-london/a-beautifully-presented-end-of-terrace-house-lob604723,sale
Ninth-floor apartment with iconic views over Lord’s and London.,"St. Johns Wood Road, St John's Wood, NW8","£1,300,000",3 bed,2 bath,948 sqft,https://www.beauchampestates.com/london/luxury-properties-for-sale-in-london/ninth-floor-apartment-with-iconic-views-over-lords-and-london-lob602082,sale
Architect-designed family house behind private electric gates.,"Adelaide Road, Belsize Park, NW3","£2,750,000",4 bed,3 bath,"3,042 sqft",https://www.beauchampestates.com/london/luxury-properties-for-sale-in-london/architect-designed-family-house-behind-private-electric-gates-lob602726,sale
Luxury New Development - A two bedroom apartment with large private terrace on central Mayfair's only gated street.,"Three Kings Yard, Mayfair, W1K","£3,995,000",2 bed,2 bath,"1,251 sqft",https://www.beauchampestates.com/london/luxury-properties-for-sale-in-london/luxury-new-development-a-two-bedroom-apartment-with-large-private-terrace-on-central-mayfairs-only-gated-street-lob366693,sale
"Three bedroom apartment with balcony, pool and parking.","Abbey Road, St John's Wood, NW8","£1,350,000",3 bed,2 bath,"1,170 sqft",https://www.beauchampestates.com/london/luxury-properties-for-sale-in-london/three-bedroom-apartment-with-balcony-pool-and-parking-lob367894,sale
Belgravia residence with grand interiors and Belgrave Square views.,"West Halkin Street, Belgravia, SW1X","£12,950,000",5 bed,5 bath,"3,939 sqft",https://www.beauchampestates.com/london/luxury-properties-for-sale-in-london/belgravia-residence-with-grand-interiors-and-belgrave-square-views-lob593406,sale
An exceptional family house in one of London's finest addresses.,"Phillimore Gardens, Kensington, W8","£19,950,000",5 bed,4 bath,"5,123 sqft",https://www.beauchampestates.com/london/luxury-properties-for-sale-in-london/an-exceptional-family-house-in-one-of-londons-finest-addresses-lob588547,sale
A magnificent corner white stucco-fronted Belgravia house.,"Eaton Place, Belgravia, SW1X","£37,950,000",6 bed,9 bath,"11,341 sqft",https://www.beauchampestates.com/london/luxury-properties-for-sale-in-london/a-magnificent-corner-white-stucco-fronted-belgravia-house-lob481802,sale
A spacious three bedroom duplex with four meter ceilings.,"Charles Street, Mayfair, W1J","£6,950,000",3 bed,3 bath,"1,729 sqft",https://www.beauchampestates.com/london/luxury-properties-for-sale-in-london/a-spacious-three-bedroom-duplex-with-four-meter-ceilings-lob366653,sale
An interior designed apartment located in a boutique development.,"Charles Street, Mayfair, W1J","£2,400,000",1 bed,1 bath,621 sqft,https://www.beauchampestates.com/london/luxury-properties-for-sale-in-london/an-interior-designed-apartment-located-in-a-boutique-development-lob366649,sale
A townhouse with a private entrance located in a boutique development.,"Charles Street, Mayfair, W1J","£5,800,000",3 bed,2 bath,"1,553 sqft",https://www.beauchampestates.com/london/luxury-properties-for-sale-in-london/a-townhouse-with-a-private-entrance-located-in-a-boutique-development-lob366669,sale
A beautiful unique period apartment with large private gardens.,"Thurlow Road, Hampstead, NW3","£3,950,000",4 bed,2 bath,"1,991 sqft",https://www.beauchampestates.com/london/luxury-properties-for-sale-in-london/a-beautiful-unique-period-apartment-with-large-private-gardens-lob569031,sale
One bedroom apartment on gated street in Mayfair.,"Three Kings Yard, Mayfair, W1K","£2,725,000",1 bed,1 bath,783 sqft,https://www.beauchampestates.com/london/luxury-properties-for-sale-in-london/one-bedroom-apartment-on-gated-street-in-mayfair-lob281639,sale
A premier four bedroom apartment moments from Hyde Park.,"De Vere Gardens, Kensington, W8","£4,950,000",4 bed,4 bath,"1,888 sqft",https://www.beauchampestates.com/london/luxury-properties-for-sale-in-london/a-premier-four-bedroom-apartment-moments-from-hyde-park-lob421291,sale
An elegant two bedroom apartment in Knightsbridge overlooking Lowndes Square Gardens.,"Lowndes Square, Belgravia, SW1X","£4,700,000",2 bed,1 bath,"1,407 sqft",https://www.beauchampestates.com/london/luxury-properties-for-sale-in-london/an-elegant-two-bedroom-apartment-in-knightsbridge-overlooking-lowndes-square-gardens-lob567923,sale
One of the grandest townhouses in Marylebone.,"Harley Street, Marylebone, W1G","£18,500,000",6 bed,6 bath,"8,148 sqft",https://www.beauchampestates.com/london/luxury-properties-for-sale-in-london/one-of-the-grandest-townhouses-in-marylebone-lob280979,sale
Lateral apartment within a prestigious development.,"Hertford Street, Mayfair, W1J","£5,000,000",2 bed,2 bath,"1,098 sqft",https://www.beauchampestates.com/london/luxury-properties-for-sale-in-london/lateral-apartment-within-a-prestigious-development-lob392620,sale
An impeccable triplex in Grosvenor Square inspired by Ian Fleming's famous spy.,"Grosvenor Square, Mayfair, W1K","£22,500,000",3 bed,3 bath,"5,750 sqft",https://www.beauchampestates.com/london/luxury-properties-for-sale-in-london/an-impeccable-triplex-in-grosvenor-square-inspired-by-ian-flemings-famous-spy-lob537689,sale
A well presented family house tucked away just off Fellows Road.,"Fellows Road, Belsize Park, NW3","£1,500,000",3 bed,2 bath,"1,685 sqft",https://www.beauchampestates.com/london/luxury-properties-for-sale-in-london/a-well-presented-family-house-tucked-away-just-off-fellows-road-in-nw3-lob551739,sale
A contemporary duplex with a private balcony.,"Cadogan Square, Chelsea, SW1X","£2,195,000",2 bed,2 bath,"1,042 sqft",https://www.beauchampestates.com/london/luxury-properties-for-sale-in-london/a-contemporary-duplex-with-a-private-balcony-lob553743,sale
Three bedroom apartment with south-facing views over Green Park.,"Piccadilly, Mayfair, W1J","£2,300,000",3 bed,2 bath,"1,061 sqft",https://www.beauchampestates.com/london/luxury-properties-for-sale-in-london/three-bedroom-apartment-with-south-facing-views-over-green-park-lob535873,sale
One bedroom apartment on gated street in Mayfair.,"Three Kings Yard, Mayfair, W1K","£3,100,000",1 bed,1 bath,"1,143 sqft",https://www.beauchampestates.com/london/luxury-properties-for-sale-in-london/one-bedroom-apartment-on-gated-street-in-mayfair-lob301574,sale
This spectacular duplex apartment is a rare jewel.,"Upper Grosvenor Street, Mayfair, W1K","£10,250,000",3 bed,3 bath,"3,359 sqft",https://www.beauchampestates.com/london/luxury-properties-for-sale-in-london/this-spectacular-duplex-apartment-is-a-rare-jewel-lob281468,sale
A well presented penthouse with lift and large balcony in Belsize Park.,"Haverstock Hill, Belsize Park, NW3","£6,000,000",3 bed,3 bath,"3,900 sqft",https://www.beauchampestates.com/london/luxury-properties-for-sale-in-london/a-well-presented-penthouse-with-lift-and-large-balcony-in-belsize-park-lob480441,sale
A well presented townhouse in the heart of Pimlico.,"Warwick Way, Pimlico, SW1V","£2,735,000",4 bed,4 bath,"2,306 sqft",https://www.beauchampestates.com/london/luxury-properties-for-sale-in-london/a-well-presented-townhouse-in-the-heart-of-pimlico-lob479768,sale
A two bedroom apartment with large private terrace.,"Three Kings Yard, Mayfair, W1K","£4,100,000",2 bed,2 bath,"1,048 sqft",https://www.beauchampestates.com/london/luxury-properties-for-sale-in-london/a-two-bedroom-apartment-with-large-private-terrace-lob281634,sale
A fabulous Grade II listed townhouse with integrated mews.,"Charles Street, Mayfair, W1J","£14,950,000",6 bed,6 bath,"7,488 sqft",https://www.beauchampestates.com/london/luxury-properties-for-sale-in-london/a-fabulous-grade-ii-listed-townhouse-with-integrated-mews-lob396394,sale
A large newly refurbished apartment opposite Regent’s Park.,"Prince Albert Road, St John's Wood, NW8","£5,950,000",4 bed,3 bath,"2,862 sqft",https://www.beauchampestates.com/london/luxury-properties-for-sale-in-london/a-large-newly-refurbished-apartment-opposite-regents-park-lob383454,sale
Upper floor apartment benefiting from direct views over Cadogan Place.,"Sloane Street, Chelsea, SW1X","£1,300,000",2 bed,1 bath,657 sqft,https://www.beauchampestates.com/london/luxury-properties-for-sale-in-london/upper-floor-apartment-benefiting-from-direct-views-over-cadogan-place-lob369692,sale
"An exceptional four-floor, detached, gated residence.","Winnington Road, Hampstead Garden Suburb, N2","£24,950,000",8 bed,9 bath,"16,749 sqft",https://www.beauchampestates.com/london/luxury-properties-for-sale-in-london/exceptional-four-floor-detached-gated-residence-lob280967,sale
Exceptional three bedroom lateral apartment opposite Regent's Park.,"North Gate, St John's Wood, NW8","£3,200,000",3 bed,3 bath,"1,712 sqft",https://www.beauchampestates.com/london/luxury-properties-for-sale-in-london/exceptional-three-bedroom-lateral-apartment-opposite-regents-park-lob280994,sale
An exquisitely designed five bedroom Grade II Listed house.,"Cadogan Gardens, Chelsea, SW3","£16,950,000",5 bed,5 bath,"6,504 sqft",https://www.beauchampestates.com/london/luxury-properties-for-sale-in-london/an-exquisitely-designed-five-bedroom-grade-ii-listed-house-lob280580,sale
"An ideally located, contemporary apartment.","St. Johns Wood Road, St John's Wood, NW8","£690,000",2 bed,1 bath,653 sqft,https://www.beauchampestates.com/london/luxury-properties-for-sale-in-london/an-ideally-located-contemporary-apartment-lob281446,sale
A stylish apartment benefiting from concierge and leisure facilities.,"Lancelot Place, Knightsbridge, SW7","£5,750,000",2 bed,2 bath,"1,970 sqft",https://www.beauchampestates.com/london/luxury-properties-for-sale-in-london/a-stylish-apartment-benefiting-from-concierge-and-leisure-facilities-lob334196,sale
"Open-plan apartment with security, concierge, and parking.","Montrose Place, Belgravia, SW1X","£7,000,000",3 bed,3 bath,"3,137 sqft",https://www.beauchampestates.com/london/luxury-properties-for-sale-in-london/open-plan-apartment-with-security-concierge-and-parking-lob334166,sale
Belgravia townhouse arranged across six floors with private terraces.,"Eaton Place, Belgravia, SW1X","£19,500,000",9 bed,8 bath,"6,250 sqft",https://www.beauchampestates.com/london/luxury-properties-for-sale-in-london/an-elegant-nine-bedroom-family-home-boasting-original-period-features-set-within-the-heart-of-belgravia-lob330677,sale
"Located on the garden level, this bright open-plan apartment is ideally located a walk away from Holland Park.","Addison Road, Holland Park, W14","£1,800,000",3 bed,2 bath,"1,757 sqft",https://www.beauchampestates.com/london/luxury-properties-for-sale-in-london/open-plan-apartment-located-a-walk-away-from-holland-park-lob330450,sale
A contemporary apartment in a boutique new development.,"The Pembridge, Notting Hill, W2","£1,005,000",1 bed,1 bath,538 sqft,https://www.beauchampestates.com/london/luxury-properties-for-sale-in-london/a-contemporary-apartment-in-a-boutique-new-development-lob281654,sale
A contemporary apartment in the centre of Notting Hill.,"The Pembridge, Notting Hill, W2","£1,650,000",2 bed,2 bath,990 sqft,https://www.beauchampestates.com/london/luxury-properties-for-sale-in-london/a-contemporary-apartment-in-the-centre-of-notting-hill-lob281346,sale
Apartment with bespoke finishes in Notting Hill.,"The Pembridge, Notting Hill, W2","£3,500,000",3 bed,3 bath,"1,530 sqft",https://www.beauchampestates.com/london/luxury-properties-for-sale-in-london/apartment-with-bespoke-finishes-in-notting-hill-lob281379,sale
A contemporary apartment with bespoke finishes.,"The Pembridge, Notting Hill, W2","£790,000",1 bed,1 bath,431 sqft,https://www.beauchampestates.com/london/luxury-properties-for-sale-in-london/a-contemporary-apartment-with-bespoke-finishes-lob281324,sale
"A Grade II listed, period house with lift and swimming pool.","Cranley Gardens, South Kensington, SW7","£13,950,000",6 bed,6 bath,"7,483 sqft",https://www.beauchampestates.com/london/luxury-properties-for-sale-in-london/a-grade-ii-listed-period-house-with-lift-and-swimming-pool-lob280715,sale
An exceptional penthouse situated directly opposite Kensington Gardens.,"Palace Gate, London, W8","£5,000,000",4 bed,3 bath,"2,880 sqft",https://www.beauchampestates.com/london/luxury-properties-for-sale-in-london/an-exceptional-penthouse-situated-directly-opposite-kensington-gardens-lob281352,sale
A minimalistic interior designed 21st-century house in Hampstead.,"Cannon Lane East Heath Road, Hampstead, NW3","£15,000,000",5 bed,5 bath,"7,940 sqft",https://www.beauchampestates.com/london/luxury-properties-for-sale-in-london/a-minimalistic-interior-designed-21st-century-house-in-hampstead-lob281104,sale
An exceptional Georgian townhouse located in Prime Central London.,"Portland Place, Marylebone, W1B","£16,950,000",5 bed,6 bath,"8,174 sqft",https://www.beauchampestates.com/london/luxury-properties-for-sale-in-london/an-exceptional-georgian-townhouse-located-in-prime-central-london-lob281452,sale
"An impressive interior designed 9,000 sq ft home with planning consent.","Lowndes Square, Belgravia, SW1X","£25,000,000",10 bed,10 bath,"12,700 sqft",https://www.beauchampestates.com/london/luxury-properties-for-sale-in-london/an-impressive-interior-designed-9000-sq-ft-home-with-planning-consent-lob281287,sale
Raised ground floor two bedroom apartment beside Royal Albert Hall.,"Albert Court, London, SW7","£3,250,000",2 bed,3 bath,"1,978 sqft",https://www.beauchampestates.com/london/luxury-properties-for-sale-in-london/raised-ground-floor-two-bedroom-apartment-beside-royal-albert-hall-lob281342,sale
A four bedroom apartment ideal for a family with a large private garden.,"Avenue Road, St John's Wood, NW8","£3,500,000",4 bed,3 bath,"2,191 sqft",https://www.beauchampestates.com/london/luxury-properties-for-sale-in-london/a-four-bedroom-apartment-ideal-for-a-family-with-a-large-private-garden-lob281140,sale
A refurbished apartment with a private terrace overlooking London.,"Praed Street, Paddington, W2","£1,500,000",4 bed,3 bath,"1,605 sqft",https://www.beauchampestates.com/london/luxury-properties-for-sale-in-london/a-refurbished-apartment-with-a-private-terrace-overlooking-london-lob281152,sale
An elegant apartment within a newly refurbished building.,"Prince Of Wales Terrace, Kensington, W8","£3,090/Week",2bed,2bath,837 sqft,https://www.beauchampestates.com/london/luxury-properties-for-rent-in-london/an-elegant-two-bedroom-apartment-within-a-newly-refurbished-building-with-two-private-balconies-located-a-few-minutes-walk-from-kensington-lor766646,rent
First-floor lateral apartment in Knightsbridge overlooking Hyde Park.,"Knightsbridge, Knightsbridge, SW1X","£3,400/Week",4bed,4bath,"2,160 sqft",https://www.beauchampestates.com/london/luxury-properties-for-rent-in-london/first-floor-lateral-apartment-in-knightsbridge-overlooking-hyde-park-lor581246,rent
"A spacious two bedroom Duplex apartment in Curzon Square, Mayfair.","Curzon Square, Mayfair, W1J","£2,500/Week",2bed,2bath,"1,781 sqft",https://www.beauchampestates.com/london/luxury-properties-for-rent-in-london/duplex-apartment-in-curzon-square-mayfair-near-hyde-park-lor753629,rent
A Grade II listed townhouse in Chelsea with river views.,"Cheyne Walk, Chelsea, SW3","£30,000/Week",8bed,6bath,"7,517 sqft",https://www.beauchampestates.com/london/luxury-properties-for-rent-in-london/a-grade-ii-listed-townhouse-in-chelsea-with-river-views-lor763019,rent
Contemporary apartment within newly built St John’s Wood development.,"St Johns Wood Road, Westminister, NW8","£1,038/Week",1bed,1bath,583 sqft,https://www.beauchampestates.com/london/luxury-properties-for-rent-in-london/contemporary-apartment-within-newly-built-st-johns-wood-development-lor753111,rent
Three bedroom apartment with private balcony and parking.,"Cecil Grove, St John's Wood, NW8","£1,270/Week",3bed,2bath,"1,049 sqft",https://www.beauchampestates.com/london/luxury-properties-for-rent-in-london/three-bedroom-apartment-with-private-balcony-and-parking-lor744970,rent
Duplex apartment in Cambridge Gate with views over Regent’s Park.,"Cambridge Gate, Regent's Park, NW1","£10,000/Week",4bed,6bath,"4,693 sqft",https://www.beauchampestates.com/london/luxury-properties-for-rent-in-london/duplex-apartment-in-cambridge-gate-with-views-over-regents-park-lor701585,rent
"One bedroom apartment with private balcony, St John’s Wood.","Cecil Grove, St John's Wood, NW8",£725/Week,1bed,1bath,583 sqft,https://www.beauchampestates.com/london/luxury-properties-for-rent-in-london/one-bedroom-apartment-with-private-balcony-st-johns-wood-lor743041,rent
A two bedroom split level Mayfair apartment with two private terraces.,"Duke Street, Mayfair, W1K","£3,500/Week",2bed,2bath,"1,518 sqft",https://www.beauchampestates.com/london/luxury-properties-for-rent-in-london/a-two-bedroom-split-level-mayfair-apartment-with-two-private-terraces-lor736166,rent
Stunning three bedroom duplex apartment in Southbank Tower.,"Upper Ground, Bankside, SE1","£6,500/Week",3bed,3bath,"2,208 sqft",https://www.beauchampestates.com/london/luxury-properties-for-rent-in-london/stunning-three-bedroom-duplex-apartment-in-southbank-tower-lor702063,rent
Modern two bedroom apartment with a conservatory and private terrace.,"Prince Of Wales Terrace, Kensington, W8","£2,785/Week",2bed,2bath,843 sqft,https://www.beauchampestates.com/london/luxury-properties-for-rent-in-london/modern-two-bedroom-apartment-with-a-conservatory-and-private-terrace-lor726997,rent
Two bedroom apartment with terrace and underground parking.,"Cecil Grove, St John's Wood, NW8",£875/Week,2bed,1bath,736 sqft,https://www.beauchampestates.com/london/luxury-properties-for-rent-in-london/two-bedroom-apartment-with-terrace-and-underground-parking-lor725750,rent
An elegant apartment that inspired James Bond's Blades club.,"Charles Street, Mayfair, W1J","£4,750/Week",2 bed,2 bath,"2,187 sqft",https://www.beauchampestates.com/london/luxury-properties-for-rent-in-london/an-elegant-apartment-that-inspired-james-bonds-blades-club-lor280914,rent
Penthouse in the Mayfair and the inspiration for Ian Fleming's spy.,"Charles Street, Mayfair, W1J","£7,150/Week",3 bed,4 bath,"2,329 sqft",https://www.beauchampestates.com/london/luxury-properties-for-rent-in-london/penthouse-in-the-mayfair-and-the-inspiration-for-ian-fleming-lor280897,rent
An elegant apartment and inspiration for James Bond’s Blades club.,"Charles Street, Mayfair, W1J","£9,000/Week",4 bed,3 bath,"3,365 sqft",https://www.beauchampestates.com/london/luxury-properties-for-rent-in-london/an-elegant-apartment-and-inspiration-for-james-bonds-blades-club-lor280903,rent
Apartment with wraparound balcony and links to James Bond.,"Charles Street, Mayfair, W1J","£7,500/Week",3 bed,3 bath,"2,404 sqft",https://www.beauchampestates.com/london/luxury-properties-for-rent-in-london/apartment-with-wraparound-balcony-and-links-to-james-bond-lor702658,rent
A three bedroom lateral apartment with private terrace and concierge.,"Duke Street, Mayfair, W1K","£6,400/Week",3 bed,3 bath,"2,409 sqft",https://www.beauchampestates.com/london/luxury-properties-for-rent-in-london/a-three-bedroom-lateral-apartment-with-private-terrace-and-concierge-lor705897,rent
Five bedroom family home with great accommodation and outdoor space.,"The Marlowes, St John's Wood, NW8","£2,307/Week",5 bed,4 bath,"2,954 sqft",https://www.beauchampestates.com/london/luxury-properties-for-rent-in-london/five-bedroom-family-home-with-great-accommodation-and-outdoor-space-lor683307,rent
A four bedroom lateral apartment in Mayfair with 24-hour porter.,"North Row, Mayfair, W1K","£5,500/Week",4 bed,5 bath,"2,928 sqft",https://www.beauchampestates.com/london/luxury-properties-for-rent-in-london/a-four-bedroom-lateral-apartment-in-mayfair-with-24-hour-porter-lor641188,rent
A modern two bedroom apartment in Mayfair with private terrace.,"Duke Street, Mayfair, W1K","£2,300/Week",2 bed,2 bath,"1,008 sqft",https://www.beauchampestates.com/london/luxury-properties-for-rent-in-london/a-modern-two-bedroom-apartment-in-mayfair-with-private-terrace-lor682333,rent
A newly renovated three bedroom apartment.,"Pont Street, Knightsbridge, SW1X","£8,000/Week",3 bed,3 bath,"2,622 sqft",https://www.beauchampestates.com/london/luxury-properties-for-rent-in-london/a-newly-renovated-three-bedroom-apartment-lor656621,rent
One of London’s most spectacular apartments.,"Pont Street, Knightsbridge, SW1X","£35,000/Week",6 bed,6 bath,"7,700 sqft",https://www.beauchampestates.com/london/luxury-properties-for-rent-in-london/one-of-londons-most-spectacular-apartments-lor656620,rent
An interior designed two bedroom lateral apartment in Knightsbridge.,"Lancelot Place, Knightsbridge, SW7","£4,500/Week",2 bed,2 bath,"1,970 sqft",https://www.beauchampestates.com/london/luxury-properties-for-rent-in-london/an-interior-designed-two-bedroom-lateral-apartment-in-knightsbridge-lor635836,rent
Contemporary three bedroom apartment with a private balcony.,"Newcourt Street, Westminister, NW8","£1,850/Week",3 bed,3 bath,"1,528 sqft",https://www.beauchampestates.com/london/luxury-properties-for-rent-in-london/contemporary-three-bedroom-apartment-with-a-private-balcony-lor629898,rent
A stylish apartment with a private balcony and contemporary finishes.,"Newcourt Street, St John's Wood, NW8",£850/Week,1 bed,1 bath,581 sqft,https://www.beauchampestates.com/london/luxury-properties-for-rent-in-london/a-stylish-apartment-with-a-private-balcony-and-contemporary-finishes-lor641404,rent
An impeccable triplex inspired by Ian Fleming's famous spy.,"Grosvenor Square, Mayfair, W1K","£25,000/Week",3 bed,3 bath,"5,750 sqft",https://www.beauchampestates.com/london/luxury-properties-for-rent-in-london/an-impeccable-triplex-in-grosvenor-square-inspired-by-ian-flemings-famous-spy-lor630961,rent
A minimalistic interior designed 21st-century house.,"Cannon Lane East Heath Road, Hampstead, NW3","£10,000/Week",5 bed,5 bath,"7,940 sqft",https://www.beauchampestates.com/london/luxury-properties-for-rent-in-london/a-minimalistic-interior-designed-21st-century-house-lor596944,rent
A spectacular duplex penthouse apartment.,"Young Street, Kensington, W8","£6,250/Week",3 bed,3 bath,"3,664 sqft",https://www.beauchampestates.com/london/luxury-properties-for-rent-in-london/a-spectacular-duplex-penthouse-apartment-lor631312,rent
A charming three bedroom apartment in St John's Wood.,"Hall Road, St John's Wood, NW8","£1,950/Week",3 bed,2 bath,"1,149 sqft",https://www.beauchampestates.com/london/luxury-properties-for-rent-in-london/a-charming-three-bedroom-apartment-in-st-johns-wood-lor609560,rent
An elegant two bedroom apartment within a newly refurbished building.,"Prince Of Wales Terrace, Kensington, W8","£3,865/Week",2 bed,2 bath,"1,115 sqft",https://www.beauchampestates.com/london/luxury-properties-for-rent-in-london/an-elegant-two-bedroom-apartment-within-a-newly-refurbished-building-lor609849,rent
"A fifth-floor apartment in Albert Gate Court, Knightsbridge London.","124 Knightsbridge, Knightsbridge, SW1X","£6,923/Week",3 bed,3 bath,"2,613 sqft",https://www.beauchampestates.com/london/luxury-properties-for-rent-in-london/a-luxurious-three-bedroom-lateral-apartment-with-24-hour-porter-centrally-located-in-knightsbridge-lor606974,rent
"An exceptional four-floor, detached, gated residence.","Winnington Road, Hampstead Garden Suburb, N2","£29,500/Week",8 bed,9 bath,"16,749 sqft",https://www.beauchampestates.com/london/luxury-properties-for-rent-in-london/an-exceptional-four-floor-detached-gated-residence-lor604351,rent
An elegant six bedroom detached home with private garden and garage.,"Hamilton Terrace, St John's Wood, NW8","£15,000/Week",6 bed,4 bath,"5,135 sqft",https://www.beauchampestates.com/london/luxury-properties-for-rent-in-london/an-elegant-six-bedroom-detached-home-with-private-garden-and-garage-lor594568,rent
An interior designed three bedroom apartment in Mayfair with lift.,"Duke Street, Mayfair, W1K","£4,900/Week",3 bed,3 bath,"1,846 sqft",https://www.beauchampestates.com/london/luxury-properties-for-rent-in-london/an-interior-designed-three-bedroom-apartment-in-mayfair-with-lift-lor598116,rent
A refined residence showcasing period charm.,"Eaton Place, Belgravia, SW1X","£15,000/Week",9 bed,8 bath,"6,250 sqft",https://www.beauchampestates.com/london/luxury-properties-for-rent-in-london/a-refined-residence-showcasing-period-charm-lor280728,rent
A three bedroom duplex penthouse apartment with private terrace.,"Prince Of Wales Terrace, Kensington, W8","£4,650/Week",3 bed,3 bath,"1,299 sqft",https://www.beauchampestates.com/london/luxury-properties-for-rent-in-london/a-three-bedroom-duplex-penthouse-apartment-with-private-terrace-lor517407,rent
Spacious three bedroom apartment with wraparound terrace.,"The Bishops Avenue, Hampstead Garden Suburb, N2","£4,750/Week",3 bed,3 bath,"3,800 sqft",https://www.beauchampestates.com/london/luxury-properties-for-rent-in-london/spacious-three-bedroom-apartment-with-wraparound-terrace-lor582208,rent
A beautifully furnished home with a private garden and off street parking.,"Rudall Crescent, Hampstead, NW3","£4,038/Week",5 bed,5 bath,"2,914 sqft",https://www.beauchampestates.com/london/luxury-properties-for-rent-in-london/a-beautifully-furnished-home-with-a-private-garden-and-off-street-parking-lor547658,rent
"This spectacular duplex apartment, spanning 3,356 sq ft, is a rare jewel.","Upper Grosvenor Street, Mayfair, W1K","£7,950/Week",3 bed,3 bath,"3,359 sqft",https://www.beauchampestates.com/london/luxury-properties-for-rent-in-london/this-spectacular-duplex-apartment-spanning-3356-sq-ft-is-a-rare-jewel-lor419453,rent
An exclusive penthouse apartment in a converted warehouse development.,"Palace Wharf, London, W6","£1,935/Week",3 bed,3 bath,"1,259 sqft",https://www.beauchampestates.com/london/luxury-properties-for-rent-in-london/an-exclusive-penthouse-apartment-in-a-converted-warehouse-development-lor525061,rent
Exclusive penthouse apartment overlooking the River Thames.,"Palace Wharf, London, W6","£2,000/Week",3 bed,2 bath,"1,216 sqft",https://www.beauchampestates.com/london/luxury-properties-for-rent-in-london/exclusive-penthouse-apartment-overlooking-the-river-thames-lor525060,rent
An exclusive loft apartment located in a converted warehouse development.,"Palace Wharf, London, W6","£1,025/Week",2 bed,2 bath,673 sqft,https://www.beauchampestates.com/london/luxury-properties-for-rent-in-london/an-exclusive-loft-apartment-located-in-a-converted-warehouse-development-lor525072,rent
Loft apartment overlooking the River Thames.,"Palace Wharf, London, W6",£765/Week,1 bed,1 bath,541 sqft,https://www.beauchampestates.com/london/luxury-properties-for-rent-in-london/loft-apartment-overlooking-the-river-thames-lor525040,rent
Exclusive loft apartment located in a converted warehouse development.,"Palace Wharf, London, W6","£1,025/Week",2 bed,2 bath,732 sqft,https://www.beauchampestates.com/london/luxury-properties-for-rent-in-london/exclusive-loft-apartment-located-in-a-converted-warehouse-development-lor525069,rent
"A lateral, two bedroom apartment offering hotel-style services.","Harley Street, Marylebone, W1G","£2,905/Week",2 bed,2 bath,818 sqft,https://www.beauchampestates.com/london/luxury-properties-for-rent-in-london/a-lateral-two-bedroom-apartment-offering-hotel-style-services-lor521287,rent
"A lateral, two bedroom apartment offering hotel-style services.","Harley Street, Marylebone, W1G","£4,165/Week",2 bed,2 bath,"1,033 sqft",https://www.beauchampestates.com/london/luxury-properties-for-rent-in-london/a-lateral-two-bedroom-apartment-offering-hotel-style-services-lor521284,rent
"A lateral, one bedroom apartment in central Marylebone.","Harley Street, Marylebone, W1G","£2,765/Week",1 bed,1 bath,786 sqft,https://www.beauchampestates.com/london/luxury-properties-for-rent-in-london/a-lateral-one-bedroom-apartment-in-central-marylebone-lor521282,rent
"A lateral, one bedroom apartment offering hotel-style services.","Harley Street, Marylebone, W1G","£2,625/Week",1 bed,1 bath,646 sqft,https://www.beauchampestates.com/london/luxury-properties-for-rent-in-london/a-lateral-one-bedroom-apartment-offering-hotel-style-services-lor521273,rent
A newly refurbished apartment with two private balconies.,"Prince Of Wales Terrace, Kensington, W8","£2,680/Week",2 bed,2 bath,867 sqft,https://www.beauchampestates.com/london/luxury-properties-for-rent-in-london/a-newly-refurbished-apartment-with-two-private-balconies-lor463407,rent
A luxurious apartment situated within a stunning Grade II listed building.,"Duke Street, Mayfair, W1K","£3,700/Week",2 bed,3 bath,"1,800 sqft",https://www.beauchampestates.com/london/luxury-properties-for-rent-in-london/a-luxurious-apartment-situated-within-a-stunning-grade-ii-listed-building-lor480293,rent
A luxurious two bedroom apartment with swimming pool and concierge.,"Garrett Mansions, London, W2","£2,000/Week",3 bed,2 bath,"1,024 sqft",https://www.beauchampestates.com/london/luxury-properties-for-rent-in-london/a-luxurious-two-bedroom-apartment-with-swimming-pool-and-concierge-lor480049,rent
Luxurious apartment in the modern West End Gate development.,"Garrett Mansions, London, W2",£995/Week,1 bed,1 bath,548 sqft,https://www.beauchampestates.com/london/luxury-properties-for-rent-in-london/luxurious-apartment-in-the-modern-west-end-gate-development-lor480044,rent
"An exceptional three-bedroom apartment with outside space, set within this brand new boutique development in Kensington.","Prince Of Wales Terrace, Kensington, W8","£3,865/Week",3 bed,3 bath,"1,258 sqft",https://www.beauchampestates.com/london/luxury-properties-for-rent-in-london/an-exceptional-three-bedroom-apartment-with-outside-space-set-within-this-brand-new-boutique-development-in-kensington-lor408884,rent
"Two bedroom apartment with lift, swimming pool and gym.","Garrett Mansions, London, W2","£1,629/Week",2 bed,2 bath,814 sqft,https://www.beauchampestates.com/london/luxury-properties-for-rent-in-london/two-bedroom-apartment-with-lift-swimming-pool-and-gym-lor449486,rent
A second floor apartment within close proximity to Regent's Park.,"Strathmore Court, London, NW8",£965/Week,2 bed,1 bath,926 sqft,https://www.beauchampestates.com/london/luxury-properties-for-rent-in-london/a-second-floor-apartment-within-close-proximity-to-regents-park-lor433925,rent
Penthouse apartment with fabulous views over Regents Park.,"Park Road, St John's Wood, NW8","£2,155/Week",4 bed,5 bath,"2,135 sqft",https://www.beauchampestates.com/london/luxury-properties-for-rent-in-london/penthouse-apartment-with-fabulous-views-over-regents-park-lor433916,rent
A superbly refurbished three-bedroom lateral apartment with a large private terrace in Mayfair.,"Duke Street, Mayfair, W1K","£6,200/Week",3 bed,3 bath,"2,419 sqft",https://www.beauchampestates.com/london/luxury-properties-for-rent-in-london/a-superbly-refurbished-three-bedroom-lateral-apartment-with-a-large-private-terrace-in-mayfair-lor423792,rent
Two bedroom duplex apartment set within a Grade II listed building.,"Duke Street, Mayfair, W1K","£3,200/Week",2 bed,2 bath,"1,380 sqft",https://www.beauchampestates.com/london/luxury-properties-for-rent-in-london/two-bedroom-duplex-apartment-set-within-a-grade-ii-listed-building-lor402677,rent
Lateral apartment situated within the Corinthia Residences.,"Whitehall Place, Whitehall, SW1A","£6,500/Week",2 bed,2 bath,"3,009 sqft",https://www.beauchampestates.com/london/luxury-properties-for-rent-in-london/lateral-apartment-situated-within-the-corinthia-residences-lor369232,rent
Second-floor apartment in Kensington’s Prince of Wales Terrace.,"Prince Of Wales Terrace, Kensington, W8","£2,785/Week",2 bed,2 bath,800 sqft,https://www.beauchampestates.com/london/luxury-properties-for-rent-in-london/an-elegant-fully-furnished-apartment-on-the-third-floor-with-modern-interiors-and-a-spacious-terrace-minutes-from-kensington-gardens-lor367690,rent
An impressive four bedroom stucco residence.,"Hamilton Terrace, London, NW8","£9,000/Week",4 bed,2 bath,"4,501 sqft",https://www.beauchampestates.com/london/luxury-properties-for-rent-in-london/an-impressive-four-bedroom-stucco-residence-lor355142,rent
A luxury duplex penthouse with a private terrace.,"Prince Of Wales Terrace, Kensington, W8","£4,140/Week",3 bed,2 bath,"1,258 sqft",https://www.beauchampestates.com/london/luxury-properties-for-rent-in-london/a-luxury-duplex-penthouse-with-a-private-terrace-lor281265,rent
